Time,Fitnes
1.244999496,330.0
1.127200142,330.0
1.133836898,330.0
1.127417372,330.0
1.138946738,330.0
1.139367681,330.0
1.149473086,330.0
1.136789062,330.0
1.135411989,330.0
1.12929881,330.0
