Time,Fitnes
1.143341879,330.0
1.136437713,330.0
1.142736055,330.0
1.128049934,330.0
1.148304431,330.0
1.133341637,330.0
1.135854775,330.0
1.130965669,330.0
1.130528193,330.0
1.136811074,330.0
