Time,Fitnes
2.02008802,270.0
2.005432325,270.0
2.046387395,270.0
2.022015831,270.0
2.118766567,270.0
1.994329079,270.0
2.026545714,270.0
2.021946589,270.0
2.005487255,270.0
2.033853905,270.0
