Time,Fitnes
2.02922375,270.0
2.03749323,270.0
2.010151973,270.0
1.998752051,270.0
2.038682929,270.0
2.049346017,270.0
2.031721991,270.0
2.005625972,270.0
2.041120577,270.0
2.025766653,270.0
