Time,Fitnes
0.285214652,160.0
0.28066874,160.0
0.278936454,160.0
0.281253469,160.0
0.279602537,160.0
0.279694054,160.0
0.279433364,160.0
0.278719054,160.0
0.2780595,160.0
0.27837866,160.0
