Time,Fitnes
0.287063572,160.0
0.281365146,160.0
0.28207753,160.0
0.281710752,160.0
0.283972233,160.0
0.282252982,160.0
0.280244729,160.0
0.281245985,160.0
0.279608241,160.0
0.280390585,160.0
