Time,Fitnes
0.350503387,165.0
0.347205073,165.0
0.344817491,165.0
0.341351945,165.0
0.340806586,165.0
0.341649138,165.0
0.341399692,165.0
0.340224706,165.0
0.345442843,165.0
0.342825313,165.0
