Time,Fitnes
0.458103231,140.0
0.456290525,140.0
0.457231517,140.0
0.456545563,140.0
0.456743361,140.0
0.453165779,140.0
0.455330645,140.0
0.452370362,140.0
0.453978663,140.0
0.455415296,140.0
