Time,Fitnes
0.456843153,140.0
0.457979887,140.0
0.451969489,140.0
0.456728827,140.0
0.454442205,140.0
0.456014357,140.0
0.455116319,140.0
0.455359358,140.0
0.453270364,140.0
0.454105001,140.0
