Time,Fitnes
0.342651891,165.0
0.341252839,165.0
0.349615681,165.0
0.50748351,165.0
0.344707975,165.0
0.344050546,165.0
0.345462017,165.0
0.345264468,165.0
0.341995213,165.0
0.343066388,165.0
