Time,Fitnes
0.344712788,165.0
0.345020335,165.0
0.343230721,165.0
0.343114962,165.0
0.343716144,165.0
0.345024638,165.0
0.343294912,165.0
0.34469924,165.0
0.344626581,165.0
0.343694694,165.0
