Time,Fitnes
0.28387183,160.0
0.282117233,160.0
0.280819135,160.0
0.28000414,160.0
0.281340862,160.0
0.280334169,160.0
0.281906431,160.0
0.282720258,160.0
0.279947534,160.0
0.279189524,160.0
