Time,Fitnes
0.283617273,160.0
0.28433485,160.0
0.281397796,160.0
0.280624765,160.0
0.278515942,160.0
0.280472371,160.0
0.280981122,160.0
0.279149623,160.0
0.279421467,160.0
0.281694472,160.0
