Time,Fitnes
0.541513931,120.0
0.535300981,120.0
0.540240385,120.0
0.540119841,120.0
0.535447325,120.0
0.538700102,120.0
0.536119204,120.0
0.534729576,120.0
0.535633806,120.0
0.538848013,120.0
