Time,Fitnes
0.28216388,160.0
0.282903728,160.0
0.282471754,160.0
0.281271614,160.0
0.280906163,160.0
0.282640045,160.0
0.285759265,160.0
0.279807533,160.0
0.282210905,160.0
0.281282121,160.0
