Time,Fitnes
0.540844402,120.0
0.537241166,120.0
0.536129733,120.0
0.527412742,120.0
0.538518655,120.0
0.531193749,120.0
0.541610731,120.0
0.534140744,120.0
0.538453915,120.0
0.536939212,120.0
