Time,Fitnes
0.281757891,160.0
0.279676373,160.0
0.282416377,160.0
0.280645569,160.0
0.280130903,160.0
0.280699779,160.0
0.282209919,160.0
0.280777833,160.0
0.279382235,160.0
0.280826138,160.0
