Time,Fitnes
0.101348938,50.0
0.10007475,50.0
0.102336694,50.0
0.102142511,50.0
0.100629298,50.0
0.102213702,50.0
0.10140994,50.0
0.100106342,50.0
0.10110275,50.0
0.099845883,50.0
