Time,Fitnes
0.100422865,50.0
0.099719346,50.0
0.103634496,50.0
0.101283282,50.0
0.099930541,50.0
0.099124391,50.0
0.100004015,50.0
0.09831732,50.0
0.0998247,50.0
0.100075091,50.0
