Time,Fitnes
0.083724656,50.0
0.085471992,50.0
0.084911665,50.0
0.085731967,50.0
0.084076562,50.0
0.084772395,50.0
0.084983898,50.0
0.084223465,50.0
0.084424755,50.0
0.083511896,50.0
