Time,Fitnes
0.083579087,50.0
0.084586409,50.0
0.084718135,50.0
0.085225393,50.0
0.0847212,50.0
0.083871554,50.0
0.084816032,50.0
0.083929025,50.0
0.08407882,50.0
0.084984001,50.0
