Time,Fitnes
1.515991851,285.0
1.50697547,285.0
1.510687069,285.0
1.523551645,285.0
1.532317147,285.0
1.530043625,285.0
1.508509579,285.0
1.514412931,285.0
1.519770696,285.0
1.507519661,285.0
