Time,Fitnes
1.510595097,285.0
1.510098069,285.0
1.508094533,285.0
1.519282296,285.0
1.508643222,285.0
1.511829165,285.0
1.509316622,285.0
1.505319112,285.0
1.519194182,285.0
1.517532276,285.0
