Time,Fitnes
2.313705546,240.0
2.292296365,240.0
2.315926881,240.0
2.292861889,240.0
2.28232352,240.0
2.296018465,240.0
2.266108876,240.0
2.302584233,240.0
2.335418842,240.0
2.278666251,240.0
