Time,Fitnes
1.141486696,330.0
1.130915,330.0
1.126117236,330.0
1.130732541,330.0
1.133810682,330.0
1.133756653,330.0
1.133670681,330.0
1.13548845,330.0
1.132431034,330.0
1.136098462,330.0
