Time,Fitnes
2.296845658,240.0
2.271253189,240.0
2.303599337,240.0
2.28560108,240.0
2.28994466,240.0
2.3233562,240.0
2.318840197,240.0
2.298135311,240.0
2.285857633,240.0
2.30904207,240.0
