Time,Fitnes
1.127460241,330.0
1.121199427,330.0
1.127013913,330.0
1.12150801,330.0
1.122370376,330.0
1.124667855,330.0
1.127827667,330.0
1.128457958,330.0
1.124806273,330.0
1.121518294,330.0
