Time,Fitnes
8.460514721,535.0
8.488693007,535.0
8.582691325,535.0
8.460521869,535.0
8.643963357,535.0
8.617532469,535.0
8.60873888,535.0
8.622582801,535.0
8.484488903,535.0
8.52635736,535.0
