Time,Fitnes
4.59542987,660.0
5.642884989,660.0
4.593336933,660.0
4.547553132,660.0
4.570010014,660.0
4.573369208,660.0
4.599490979,660.0
5.665518993,660.0
4.576420326,660.0
4.55354424,660.0
