Time,Fitnes
4.571683838,660.0
4.546905396,660.0
4.55338557,660.0
4.522515536,660.0
4.593042249,660.0
4.507193895,660.0
4.713218633,660.0
4.66524602,660.0
4.531933507,660.0
4.63760264,660.0
