Time,Fitnes
8.388498848,540.0
8.364956675,540.0
8.833034383,540.0
8.395853041,540.0
8.444993067,540.0
8.461312112,540.0
8.463836684,540.0
8.554242754,540.0
8.820013837,540.0
8.458854088,540.0
