Time,Fitnes
4.630069677,660.0
4.65286764,660.0
4.576529442,660.0
4.56469052,660.0
4.586640991,660.0
4.567583889,660.0
4.547327377,660.0
4.533397219,660.0
4.555627739,660.0
4.575269975,660.0
