Time,Fitnes
5.828488668,615.0
5.843941109,615.0
5.841680766,615.0
6.185372579,615.0
6.577867972,615.0
5.78978397,615.0
5.812072659,615.0
5.815421738,615.0
5.78056143,615.0
5.787626601,615.0
