Time,Fitnes
0.046223859,60.0
0.046431052,60.0
0.047949941,60.0
0.046841153,60.0
0.047415408,60.0
0.047242201,60.0
0.047315929,60.0
0.046202401,60.0
0.046504188,60.0
0.046405849,60.0
