Time,Fitnes
0.054122155,75.0
0.05383812,75.0
0.05379529,75.0
0.054288063,75.0
0.054564576,75.0
0.055468774,75.0
0.054311341,75.0
0.053904811,75.0
0.053984715,75.0
0.054906284,75.0
