Time,Fitnes
0.053982507,75.0
0.054392927,75.0
0.05419083,75.0
0.05511189,75.0
0.055339166,75.0
0.055301646,75.0
0.055216555,75.0
0.054216944,75.0
0.054052088,75.0
0.054729271,75.0
