Time,Fitnes
0.054869061,75.0
0.054292173,75.0
0.05530409,75.0
0.054485981,75.0
0.054895644,75.0
0.054599105,75.0
0.054242044,75.0
0.053817101,75.0
0.054371475,75.0
0.053791078,75.0
