Time,Fitnes
0.06728502,70.0
0.066815096,70.0
0.066693517,70.0
0.068951333,70.0
0.068196561,70.0
0.067534602,70.0
0.067118529,70.0
0.066785288,70.0
0.067745358,70.0
0.067508897,70.0
