Time,Fitnes
6.230077662,570.0
6.172420049,570.0
6.123645991,570.0
6.143484278,570.0
6.184601026,570.0
6.190119838,570.0
6.204954494,570.0
6.213961145,570.0
6.196034762,570.0
6.209132734,570.0
