Time,Fitnes
6.255246483,570.0
6.210687527,570.0
6.197731521,570.0
6.204247908,570.0
6.179198185,570.0
6.200381755,570.0
6.211878373,570.0
6.193555969,570.0
6.184789194,570.0
6.324678994,570.0
