Time,Fitnes
6.396795905,570.0
6.225102155,570.0
6.281299334,570.0
6.290282849,570.0
6.263295453,570.0
6.403878292,570.0
6.257224046,570.0
6.374489288,570.0
6.459565913,570.0
6.493699895,570.0
