Time,Fitnes
4.654438751,660.0
4.83748222,660.0
4.658814844,660.0
4.655156925,660.0
4.613075824,660.0
4.594169229,660.0
4.716138174,660.0
4.783163043,660.0
4.721078006,660.0
4.726979636,660.0
