Time,Fitnes
9.575483072,490.0
9.561936313,490.0
9.530479264,490.0
9.545362314,490.0
9.604512705,490.0
9.785773047,490.0
9.546013871,490.0
9.593932216,490.0
9.653652815,490.0
9.716826483,490.0
