Time,Fitnes
6.211005206,570.0
6.15977982,570.0
6.139507197,570.0
6.149358063,570.0
6.224235552,570.0
6.219151214,570.0
7.561923018,570.0
6.226819908,570.0
6.203449019,570.0
6.198264014,570.0
